<?xml version="1.0" encoding="UTF-8"?>
<rss version="2.0" xmlns:atom="http://www.w3.org/2005/Atom">
  <channel>
    <title>스쿠피</title>
    <description>블로그 설명</description>
    <link>http://localhost:4000//</link>
    <atom:link href="http://localhost:4000//feed.xml" rel="self" type="application/rss+xml"/>
    <pubDate>Sun, 31 May 2020 02:34:26 +0900</pubDate>
    <lastBuildDate>Sun, 31 May 2020 02:34:26 +0900</lastBuildDate>
    <generator>Jekyll v3.8.6</generator>
    
      <item>
        <title>주간스쿠피, 영화진흥위원회랑 콜라보를 했다구?</title>
        <description>&lt;p&gt;이하 글들은 스쿠피가 만약 영진위와 콜라보하여 콘텐츠를 생성해낸다면? 이라는 컨셉으로 작성한 글입니다. 아래 사실들은 모두 허구이며 언급되는 이벤트, 무료예매권은 모두 존재하지 않으니 참고 부탁드립니다.&lt;/p&gt;

&lt;p&gt;&lt;br /&gt;&lt;/p&gt;

&lt;hr /&gt;

&lt;p&gt;&lt;br /&gt;&lt;/p&gt;

&lt;h3 id=&quot;1-주간스쿠피-영진위&quot;&gt;1. 주간스쿠피: 영진위&lt;/h3&gt;

&lt;p&gt;&lt;img src=&quot;/img/posts/02/img1.jpeg&quot; alt=&quot;그림 1&quot; /&gt;&lt;/p&gt;

&lt;p&gt;금주의 주간스쿠피에게 의뢰를 주신 분은 영화진흥위원회(이하 영진위)입니다. 기관명에서부터 벌써 공공의 느낌이 물씬 나죠? 네 맞아요. 영진위는 문화체육관광부(문체부)로부터 영화에 관한 지원 역할을 위임받아 한국영화의 질적 향상을 도모하고 한국영화 및 산업의 진흥을 위해 설립된 공공기관이에요.&lt;/p&gt;

&lt;p&gt;&lt;br /&gt;&lt;/p&gt;

&lt;p&gt;&lt;img src=&quot;/img/posts/02/img2.jpeg&quot; alt=&quot;그림 2&quot; /&gt;&lt;/p&gt;

&lt;p&gt;국내영화산업의 발전을 진흥시키는 기관&lt;/p&gt;

&lt;p&gt;이라는 명칭답게 영진위가 밟아 온 지난 행보들을 보면 한국영화산업의 a부터 z를 책임지고 있었어요. 영진위는 K-무비의 든든한 지원군이었던 거에요!&lt;/p&gt;

&lt;p&gt;&lt;br /&gt;&lt;/p&gt;

&lt;p&gt;&lt;img src=&quot;/img/posts/02/img3.jpeg&quot; alt=&quot;그림 3&quot; /&gt;&lt;/p&gt;

&lt;p&gt;그러나 최근(2020.05.09) 영진위의 공공(公共)한 걸음은 는 더더욱이 주목할 만합니다!&lt;/p&gt;

&lt;p&gt;코로나19로 타격을 입은 영화생태계를 바로잡기 위해 영화관 관객수 증가 및 영화업계 종사자들의 안정적인 노동환경 구축을 목적으로 프로젝트 하나를 시작했거든요.&lt;/p&gt;

&lt;p&gt;주간스쿠피도 이 프로젝트와 관련이 있어요!&lt;/p&gt;

&lt;p&gt;&lt;br /&gt;&lt;/p&gt;

&lt;hr /&gt;

&lt;p&gt;&lt;br /&gt;&lt;/p&gt;

&lt;h3 id=&quot;2-영진위의-프로젝트&quot;&gt;2. 영진위의 프로젝트:&lt;/h3&gt;

&lt;p&gt;전례없는 코로나19의 위기로 인해 영화산업 또한 막대한 손실을 입었죠. 이에, 영진위는 영화관객이 영화관 방문을 적극적으로 선택하게 하는 &lt;strong&gt;구체적인 유인 요인&lt;/strong&gt;을구상하기로 합니다. 그리고 아래 두 사항들을 실무적으로 책임질 대행사를 선정하기로 했어요.&lt;/p&gt;

&lt;p&gt;&lt;img src=&quot;/img/posts/02/img4.jpeg&quot; alt=&quot;그림 4&quot; /&gt;&lt;/p&gt;

&lt;ul&gt;
  &lt;li&gt;방역소독 및 사회적 거리두기 좌석배치로 인해 영화관이 안전한 공간이라는 것을 알리기&lt;/li&gt;
  &lt;li&gt;관객 도모를 위해 영화티켓 할인권 행사를 진행한다는 것을 알리기&lt;/li&gt;
&lt;/ul&gt;

&lt;p&gt;&lt;br /&gt;&lt;/p&gt;

&lt;p&gt;영화관이 안전함을 알리는 이유는 영화관에서 사람들이 영화를 보게끔 유도하기 위해서에요.&lt;/p&gt;

&lt;p&gt;&lt;img src=&quot;/img/posts/02/img5.jpeg&quot; alt=&quot;그림 5&quot; /&gt;&lt;/p&gt;

&lt;p&gt;영화의 가장 큰 수익은 영화티켓으로부터 와요. 이 매출비율을 높이면 창작자, 제작자, 배급사 등 영화계 종사업자들의 수익도 높아지죠. 그럼 이 자본은 또 다른 영화를 만들 수 있게 되며 궁극적으로 영화산업의 건강한 순환구조가 이어지게 됩니다. 즉, 자본이 창작자들로하여금 안전한 노동환경에서 영화를 만들 수 있게하는 것이죠.&lt;/p&gt;

&lt;p&gt;&lt;br /&gt;&lt;/p&gt;

&lt;hr /&gt;

&lt;p&gt;&lt;br /&gt;&lt;/p&gt;

&lt;h3 id=&quot;3-영진위의-의뢰사항&quot;&gt;3. 영진위의 의뢰사항:&lt;/h3&gt;

&lt;p&gt;그렇다면, 영진위가 스쿠피에게 의뢰한 사항은 무엇이었을까요?&lt;/p&gt;

&lt;p&gt;&lt;img src=&quot;/img/posts/02/img6.jpeg&quot; alt=&quot;그림 6&quot; /&gt;&lt;/p&gt;

&lt;blockquote&gt;
  &lt;p&gt;6, 7월 개봉 예정인 독립예술영화들이 계획대로 영화관에서 상영될 수 있도록 &lt;strong&gt;잠재관객들의 관심을 이끌어낼 콘텐츠를 제작&lt;/strong&gt;&lt;/p&gt;
&lt;/blockquote&gt;

&lt;blockquote&gt;
  &lt;p&gt;영진위가 영화산업 종사자들이 안정적인 노동환경 및 산업에 있을 수 있게끔 &lt;strong&gt;늘상 지원하고 있다는 것을 알리는 브랜딩캠페인&lt;/strong&gt; 진행&lt;/p&gt;
&lt;/blockquote&gt;

&lt;p&gt;즉, 영진위의 의뢰는 &lt;strong&gt;1) 관객도모&lt;/strong&gt;   및   &lt;strong&gt;2) 영진위의 존재목적을 브랜딩&lt;/strong&gt;하는 것에 있었던 것이죠.&lt;/p&gt;

&lt;p&gt;&lt;br /&gt;&lt;/p&gt;

&lt;hr /&gt;

&lt;p&gt;&lt;br /&gt;&lt;/p&gt;

&lt;h3 id=&quot;4-스쿠피의-한-스푼-두-스푼-세스푼&quot;&gt;4. 스쿠피의 한 스푼, 두 스푼, 세스푼&lt;/h3&gt;

&lt;p&gt;&lt;br /&gt;&lt;/p&gt;

&lt;h4 id=&quot;4-1-한-스푼의--생각--기획&quot;&gt;4-1 한 스푼의  생각 : 기획&lt;/h4&gt;

&lt;p&gt;그래서 스쿠피는 곰곰히 생각해보았어요. &lt;strong&gt;스쿠피가 해야할 일&lt;/strong&gt;이 무엇일 지 말이에요.&lt;/p&gt;

&lt;p&gt;&lt;img src=&quot;/img/posts/02/img7.jpeg&quot; alt=&quot;그림 7&quot; /&gt;&lt;/p&gt;

&lt;p&gt;한 스푼의 생각에서 나온 결과는 바로!&lt;/p&gt;

&lt;hr /&gt;

&lt;hr /&gt;

&lt;p&gt;&lt;img src=&quot;/img/posts/02/img8.jpeg&quot; alt=&quot;그림 8&quot; /&gt;&lt;/p&gt;

&lt;p&gt;&lt;br /&gt;&lt;/p&gt;

&lt;hr /&gt;

&lt;hr /&gt;

&lt;p&gt;&lt;br /&gt;&lt;/p&gt;

&lt;p&gt;개봉예정영화에 대한 &lt;strong&gt;1) 타겟을 씨네필에서 취준생까지&lt;/strong&gt; 다양하게 넓히는 홍보방식을 취할 것과 영화산업 내 &lt;strong&gt;2) 실무인력들이 시장 내에서 수요가 있음을 오프라인으로 인지&lt;/strong&gt;시켜 주는 것 입니다.&lt;/p&gt;

&lt;p&gt;&lt;img src=&quot;/img/posts/02/img9.jpeg&quot; alt=&quot;그림 9&quot; /&gt;&lt;/p&gt;

&lt;p&gt;&lt;br /&gt;&lt;/p&gt;

&lt;p&gt;그리고 이 두가지를 한 번에 충족시킬 결과물로써 스쿠피는 &lt;strong&gt;라운드테이블 대담(오프라인 이벤트)&lt;/strong&gt;을 기획했어요.&lt;/p&gt;

&lt;p&gt;&lt;img src=&quot;/img/posts/02/img10.jpeg&quot; alt=&quot;그림 10&quot; /&gt;&lt;/p&gt;

&lt;p&gt;라운드테이블 대담의 성격은 기존 GV(영화상영 이후 관객들이 감독, 배우 혹은 영화기자와 함께 영화에 대해 담소를 나누는 이벤트)의 특성을 차용합니다. 기존의 GV와 다른 점이 있다면, 담소의 주인공이 감독 및 배우에게만 치중되어있지않고, 이 영화를 관객들에게 보여주기 전까지 노력한 숨은 공력들까지도 포함되어 있다는 것이죠. 즉, 영화업계 실무인력들이요!&lt;/p&gt;

&lt;p&gt;그럼, 이 기획의 결과물을 보여드리죠!&lt;/p&gt;

&lt;p&gt;&lt;br /&gt;&lt;/p&gt;

&lt;hr /&gt;

&lt;hr /&gt;

&lt;p&gt;&lt;br /&gt;&lt;/p&gt;

&lt;h4 id=&quot;4-2-두-스푼의--창의력--결과&quot;&gt;4-2 두 스푼의  창의력 : 결과&lt;/h4&gt;

&lt;p&gt;&lt;img src=&quot;/img/posts/02/img11.jpeg&quot; alt=&quot;그림 11&quot; /&gt;&lt;/p&gt;

&lt;p&gt;스쿠피가 캐스팅한 게스트들은 독립영화 좀 봤다, 아니 좀 안다 하시는 분들도 다 들어본 이름일 거에요!&lt;/p&gt;

&lt;p&gt;&lt;img src=&quot;/img/posts/02/img12.jpeg&quot; alt=&quot;그림 12&quot; /&gt;&lt;/p&gt;

&lt;p&gt;어디 그 뿐만인가요. 각각의 영화를 담당한 &lt;strong&gt;영화제작사, 수입사, 배급사, 홍보마케팅사의 실무자&lt;/strong&gt;가 게스트로 출연하니 영화사 쪽으로 취업을 희망하는 분들도 눈여겨 봐야할 거에요.&lt;/p&gt;

&lt;p&gt;&lt;br /&gt;&lt;/p&gt;

&lt;hr /&gt;

&lt;p&gt;&lt;br /&gt;&lt;/p&gt;

&lt;h4 id=&quot;4-3-세-스푼의-디테일--라운드테이블대담이-의뢰사항을-충족시키는-이유&quot;&gt;4-3 세 스푼의 디테일 : 라운드테이블대담이 의뢰사항을 충족시키는 이유&lt;/h4&gt;

&lt;p&gt;그렇다면, 이 오프라인 이벤트가 어째서 영진위가 제시한 두 가지 의뢰사항에 부합하게 되는 걸까요?&lt;/p&gt;

&lt;p&gt;&lt;img src=&quot;/img/posts/02/img13.jpeg&quot; alt=&quot;그림 13&quot; /&gt;&lt;/p&gt;

&lt;hr /&gt;

&lt;hr /&gt;

&lt;p&gt;&lt;strong&gt;현업 영화계 실무자들에겐&lt;/strong&gt;&lt;/p&gt;

&lt;p&gt;본인과 본업에 대해 이야기할 수 있는 기회가 주어졌어요.&lt;/p&gt;

&lt;p&gt;&lt;img src=&quot;/img/posts/02/img14.jpeg&quot; alt=&quot;그림 14&quot; /&gt;&lt;/p&gt;

&lt;ul&gt;
  &lt;li&gt;
    &lt;p&gt;즉, 지금까지 쌓아온 커리어를 노출시켜 공유함으로써 전문가로 인식될 기회를 부여받은 것이죠. 우리는 자기가 잘 하는 일을 알리고, 다수로부터 인정받을 때 자기존재감이 극대화되는 걸 느끼곤 해요. 내가 한 일로 전문성을 인정받아 해당 분야에서 전문가가 되는 것, 일에서 자아실현을 이룰 수 있는 방법이 여기에 있지 않을까요?&lt;/p&gt;
  &lt;/li&gt;
  &lt;li&gt;
    &lt;p&gt;때문에, 영화상영 이후 영화계 실무자들은 관객들에게 어떻게 영화를 기획하여 제작했는지(제작단계), 어떤 타겟군에 집중 홍보하고 마케팅했는지(홍보마케팅), 포스터 디자인은 어떻게 했는지(디자인), 해외 수출과 영업은 어떻게 했는지(해외세일즈), 국내외 영화제는 어떻게 공략했는지(영화제)에 대해 본업을 설명함으로써 퍼스널브랜딩을 할 수 있게 됩니다. 즉, 공개적으로 전문가가 될 첫 단계에 입성하게 되는 것이죠.&lt;/p&gt;
  &lt;/li&gt;
  &lt;li&gt;
    &lt;p&gt;스쿠피는 실무인력 개개인들이 산업 내에서 성장할 수 있는 첫 단추를 본인의 커리어를 알리는 데 있다고 보았어요. 영진위는 그 비즈니스를 이루게 해 줄 플랫폼이구요. 근데, 이들을 원하는 관객이 과연 있을 거냐구요? 왜 이 오프라인 이벤트가 온디맨드(On-Demand)인지는 관객과 취준생들의 입장에서 찾아볼게요.&lt;/p&gt;
  &lt;/li&gt;
&lt;/ul&gt;

&lt;hr /&gt;

&lt;hr /&gt;

&lt;p&gt;&lt;strong&gt;관객에겐&lt;/strong&gt;&lt;/p&gt;

&lt;p&gt;영화와 관련된 질문 및 본인의 감상을 감독과 배우에게 직접 전할 수 있는 기회가 되요.&lt;/p&gt;

&lt;p&gt;&lt;img src=&quot;/img/posts/02/img15.jpeg&quot; alt=&quot;그림 15&quot; /&gt;&lt;/p&gt;

&lt;ul&gt;
  &lt;li&gt;
    &lt;p&gt;여러분은 영화 &lt;기생충&gt;을 보고 나서 어떤 의문점이 있었나요? 스쿠피는 두 가지가 궁금하더라구요. 소파신에서 연교는 왜  갑자기 마약을 달라고 했는지, 기택은 과연 지하실을 나오게 될 것인 지 말이에요. 그런데 이벤트를 통해 봉감독과 배우들에게 이 질문을 하고 그들의 의견을 듣게 된다면, 그것만한 신선한 경험도 없을 것 같아요!&lt;/기생충&gt;&lt;/p&gt;
  &lt;/li&gt;
  &lt;li&gt;
    &lt;p&gt;오프라인 이벤트로 인해 관객들은 영화의 여운이 더욱 더 진하게 느낄거에요. 영화관에서 영화를 본다는 행동 자체를 떠올렸을 때 ‘즐거움’이라는 감정이 먼저 떠오르게 될 거구요. 그럼, 이 이벤트 하나로 영화관에서 영화를 볼 만한 구체적인 이유를 만드는 셈이 되죠.&lt;/p&gt;
  &lt;/li&gt;
  &lt;li&gt;
    &lt;p&gt;또한, 이 관객은 1차 관객으로써 2, 3차 관객을 끌어올만 한 파급력을 지닌 소중한 관객이에요. 이들의 경험이 긍정적인지 부정적인지에 따라 영화관 관객수의 증감도 결정될 거에요. 때문에, 개봉예정인 영화의 1차 관객들이 영화와 관련된 모든 경험을 긍정적으로 받아질 수 있게끔 할 필요가 있는거죠. 이 이벤트는 그런 경험을 긍정적인 체험으로 바꿔줄 역할을 수행할 거에요.&lt;/p&gt;

    &lt;blockquote&gt;
      &lt;p&gt;영화배급&amp;amp;흥행의 전문가 이하영씨에 따르면, &lt;strong&gt;흥행판에서는 영화를 생물&lt;/strong&gt;이라고 하더군요.&lt;/p&gt;
    &lt;/blockquote&gt;

    &lt;blockquote&gt;
      &lt;p&gt;이하영씨에 따르면, 영화라는 생물은 &lt;strong&gt;개봉과 동시에 탄생되지만, 이후 관객과 어떻게 교감하는 가에 따라 수명이 결정&lt;/strong&gt;되기에 영화를 살아 움직이는 생물에 비유했어요. 아래 그림은 영화 &lt;스물&gt;의 흥행 그래프에요.&lt;/스물&gt;&lt;/p&gt;
    &lt;/blockquote&gt;

    &lt;p&gt;&lt;img src=&quot;/img/posts/02/img16.jpeg&quot; alt=&quot;그림 16&quot; /&gt;&lt;/p&gt;

    &lt;blockquote&gt;
      &lt;p&gt;그녀에 따르면 관객은 1, 2, 3차 관객인 세 종류로 나뉘게 되어요. 1차 관객은 위험을 감수하는 씨네필, 2차 관객은 1차 관객의 반응에 영향을 받는 모방 관객, 3차 관객은 다수결의 선택을 신뢰하는 관객입니다. 아래 그래프는 흥행 단계별 관객의 성향을 그래프로 나타낸 것이에요.&lt;/p&gt;
    &lt;/blockquote&gt;

    &lt;p&gt;&lt;img src=&quot;/img/posts/02/img17.jpeg&quot; alt=&quot;그림 17&quot; /&gt;&lt;/p&gt;

    &lt;blockquote&gt;
      &lt;p&gt;2차관객은 1차관객의 경험결과에 따라 영화관람의 여부를 결정하고, 3차관객은 1, 2차관객의 결과에 영향을 받아요. 따라서 1차관객에게 영화 이상의 경험을 체험하게 해주는 것이 2,3차 관객을 타겟팅하는 데도 도움이 될 거에요. 결과적으로 영화관으로 발걸음을 옮기게 해주는 강력한 영향요인이 되는 것이죠.&lt;/p&gt;
    &lt;/blockquote&gt;
  &lt;/li&gt;
&lt;/ul&gt;

&lt;hr /&gt;

&lt;hr /&gt;

&lt;p&gt;&lt;strong&gt;취준생들에겐&lt;/strong&gt;&lt;/p&gt;

&lt;p&gt;실무자들을 만날 수 있는 기회이며 현업에 대한 인사이트를 얻어갈 수 있죠.&lt;/p&gt;

&lt;p&gt;&lt;img src=&quot;/img/posts/02/img18.jpeg&quot; alt=&quot;그림 18&quot; /&gt;&lt;/p&gt;

&lt;ul&gt;
  &lt;li&gt;
    &lt;p&gt;취준생들은 본인이 관람한 영화를 하나의 ‘상품’, 즉 시장 내 ‘자본’으로써 인식하게 될 거에요. 이 영화가 누구에 의해 기획되었는지, 어떤 특성으로인해 투자자들에겐 ‘돈’, ‘자본’이 되었는지, 포스터디자인 및 홍보문구는 누가 만들었으며 이들은 어떻게 영화를 바라보고 포장하였는지, 해외관객들에겐 어떻게 영업하여 글로벌시장으로 진출한 것인지 알게 될 거에요.&lt;/p&gt;
  &lt;/li&gt;
  &lt;li&gt;
    &lt;p&gt;어디에서도 들을 수 없는 이야기를 exclusive하게 들음으로써 산업에 대한 지식을 얻을 거에요. 결과적으로 취업활동을 하는 데 있어 중요한 정보가 되겠죠. 실무진들을 직접 만나 본인에 대한 이야기를 들려줄 수도 있겠네요!&lt;/p&gt;
  &lt;/li&gt;
&lt;/ul&gt;

&lt;hr /&gt;

&lt;hr /&gt;

&lt;p&gt;&lt;strong&gt;영진위에겐&lt;/strong&gt;&lt;/p&gt;

&lt;p&gt;영화계 실무인력을 서포트하고 있는 장본인의 이미지가 만들어지죠.&lt;/p&gt;

&lt;p&gt;&lt;img src=&quot;/img/posts/02/img19.jpeg&quot; alt=&quot;그림 19&quot; /&gt;&lt;/p&gt;

&lt;ul&gt;
  &lt;li&gt;스쿠피가 만든 이 기획을 실제적으로 구현하는 주체이니까요. 또한, 산업을 진흥시키는데 적극적으로 활동하고 있음을 알리게 되니 기관 이미지에 ‘신뢰성’이 강화될 거에요. 그럼, 영진위가 원하던 ‘서포팅 이미지’가 확립이 되겠죠.&lt;/li&gt;
&lt;/ul&gt;

&lt;blockquote&gt;
  &lt;p&gt;한국교육개발원에 따르면 2019년 기준 국내 전체대학 중 연극영화과를 졸업한 학생수는 3,402명으로 나타났어요. 또한, 졸업생은 해마다 증가하는 추세를 보였는데요. 2013년 2,690명/  2014년 2,822명/  2015년 3,197명/  2016년 3,401명/ 2017년 3,465명/ 2018년 3,533명으로 나타났어요.&lt;/p&gt;
&lt;/blockquote&gt;

&lt;p&gt;&lt;img src=&quot;/img/posts/02/img20.jpeg&quot; alt=&quot;그림 20&quot; /&gt;&lt;/p&gt;

&lt;blockquote&gt;
  &lt;p&gt;졸업생 수를 수치근거로 보여드린 이유는 입학 시 지원자 수 혹은 현재 재학생 수로 보기엔 오류가 있을 수 있기 때문이에요. 입학 후/ 재학 중 전공을 바꿀 수 있으니까요. 여하튼 해가 거듭될 수록 연영과 학생은 증가하고 있네요. 모두가 졸업 이후 영화산업을 희망하는 것을 아닐 테지만 적어도 전문인력들이 해당학과생들에게 실무 인사이트를 보여 줄 수요는 꾸준히 증가하고 있다는 거!&lt;/p&gt;
&lt;/blockquote&gt;

&lt;ul&gt;
  &lt;li&gt;따라서 영진위가 실무인력들을 플랫폼(라운드테이블 대담)으로 모셔와 잠재 실무인력들(취준생)과 연결시켜주는 중간고리가 된다는 것은 곧 산업 내 네트워크를 강화시키는 주체가 되는 것일 거에요. 영진위가 원하는 브랜딩켐페인이 실현되는 지점이죠.&lt;/li&gt;
&lt;/ul&gt;

&lt;p&gt;&lt;br /&gt;&lt;/p&gt;

&lt;hr /&gt;

&lt;p&gt;&lt;br /&gt;&lt;/p&gt;

&lt;h3 id=&quot;5-일정&quot;&gt;5. 일정&lt;/h3&gt;

&lt;p&gt;&lt;img src=&quot;/img/posts/02/img21.jpeg&quot; alt=&quot;그림 21&quot; /&gt;&lt;/p&gt;

&lt;p&gt;라운드테이블 대담은 영화 상영 후 시작되며, 개별 영화에 참여한 영화산업 종사자들이 출연하게 되요. 상영관은 소극장 지원을 위해 독립영화예술전용관으로만 구성될 예정이구요(영화별 상영관은 추후 공개될 예정입니다).&lt;/p&gt;

&lt;p&gt;&lt;br /&gt;&lt;/p&gt;

&lt;p&gt;&lt;strong&gt;일정을 확인하신 여러분! 본인이 아래 해당사항이라고 판단되시면 우선 해야할 일이 있어요.&lt;/strong&gt;&lt;/p&gt;

&lt;ul&gt;
  &lt;li&gt;내가 좋아하는 감독/배우가 출연한다&lt;/li&gt;
  &lt;li&gt;독립예술영화는 꼭 챙겨봐줘야 한다&lt;/li&gt;
  &lt;li&gt;내가 가고싶은 회사가 게스트로 출연한다&lt;/li&gt;
  &lt;li&gt;영화산업에 대한 전반적인 인사이트를 얻고싶다&lt;/li&gt;
&lt;/ul&gt;

&lt;p&gt;&lt;br /&gt;&lt;/p&gt;

&lt;p&gt;&lt;strong&gt;다 본인의 이야기라구요? 그럼 더더욱이 잘 됐네요! 이제 아래 순서를 따라해주세요.&lt;/strong&gt;&lt;/p&gt;

&lt;ol&gt;
  &lt;li&gt;인스타 계정(saveourcinema)를 팔로우한 후, 아무 포스팅을 본인계정에 리포스팅한다.                   리포스팅 시, 게시물 내용에 #saveourcinema #우리동네소극장 을 포함시켜주세요!&lt;/li&gt;
  &lt;li&gt;스쿠피 인스타 계정(scoopii) DM으로 인증한다.&lt;/li&gt;
&lt;/ol&gt;

&lt;p&gt;&lt;br /&gt;&lt;/p&gt;

&lt;p&gt;&lt;strong&gt;위와같이, 이벤트에 참여하실 경우 다음과 같은 상품을 드릴거에요!&lt;/strong&gt;&lt;/p&gt;

&lt;ul&gt;
  &lt;li&gt;예매할인권 2000원 2매&lt;/li&gt;
  &lt;li&gt;예매영화의 굿즈(배지, 스티커, 엽서) 증정&lt;/li&gt;
&lt;/ul&gt;

&lt;p&gt;&lt;br /&gt;&lt;/p&gt;

&lt;hr /&gt;

&lt;p&gt;&lt;br /&gt;&lt;/p&gt;

&lt;center&gt;금주 스쿠피의 글은 여기까지에요.&lt;/center&gt;

&lt;p&gt;&lt;img src=&quot;/img/posts/02/img22.jpeg&quot; alt=&quot;그림 22&quot; /&gt;&lt;/p&gt;

&lt;center&gt;다들 인스타 클릭들 하셨죠? &lt;/center&gt;

&lt;p&gt;&lt;br /&gt;&lt;/p&gt;

&lt;hr /&gt;

&lt;p&gt;&lt;br /&gt;&lt;/p&gt;

</description>
        <pubDate>Mon, 25 May 2020 16:30:00 +0900</pubDate>
        <link>http://localhost:4000//scoopii-02/</link>
        <guid isPermaLink="true">http://localhost:4000//scoopii-02/</guid>
        
        <category>영화진흥위원회</category>
        
        <category>영화사</category>
        
        <category>영화사취업</category>
        
        <category>영화제취업</category>
        
        <category>영화수입사</category>
        
        <category>영화수입사취업</category>
        
        <category>영화홍보마케팅</category>
        
        <category>영화홍보마케팅취업</category>
        
        <category>영화배급사</category>
        
        <category>영화배급사취업</category>
        
        <category>영화관</category>
        
        <category>영화관취업</category>
        
        <category>코로나 영화관</category>
        
        <category>씨제이이엔엠</category>
        
        <category>영화진흥위원회</category>
        
        <category>영화콘텐츠마케팅</category>
        
        <category>기업브랜딩</category>
        
        <category>기업마케팅</category>
        
        
        <category>weekly-scoopii</category>
        
      </item>
    
      <item>
        <title>일간스쿠피(전농동 편)</title>
        <description>&lt;h2 id=&quot;만나서-반가워요&quot;&gt;&lt;br /&gt;&lt;br /&gt;&lt;center&gt;만나서 반가워요&lt;/center&gt;&lt;/h2&gt;

&lt;h2 id=&quot;전-스쿠피에요&quot;&gt;&lt;center&gt;전 스쿠피에요&lt;/center&gt;&lt;br /&gt;&lt;br /&gt;&lt;br /&gt;&lt;/h2&gt;

&lt;h3 id=&quot;1-스쿠피가-뭐냐구요&quot;&gt;1. 스쿠피가 뭐냐구요?&lt;br /&gt;&lt;/h3&gt;

&lt;p&gt;&lt;img src=&quot;/img/posts/01/img1.jpeg&quot; alt=&quot;그림 1&quot; /&gt;&lt;/p&gt;

&lt;p&gt;스쿠피는 자사와 계약한 개인 및 기업의 브랜딩과 마케팅을 컨설팅한다는 컨셉으로만들어진 블로그에요. 현재 일간스쿠피와 주간스쿠피가 운영 중에 있어요.&lt;/p&gt;

&lt;p&gt;&lt;strong&gt;일간스쿠피&lt;/strong&gt;는 개인의 퍼스널브랜딩을 담당하는 콘텐츠라면, &lt;strong&gt;주간스쿠피&lt;/strong&gt;는 기업의 마케팅 및 브랜딩을 담당하는 콘텐츠이에요.&lt;/p&gt;

&lt;p&gt;우선 일간(日刊)스쿠피는 스쿠피가 직접 선정한  개인을 깊이 있게 관찰하며 &lt;strong&gt;한 사람 대한 스쿠피의 감상을 글로 남기는 일간지&lt;/strong&gt;에요.&lt;/p&gt;

&lt;p&gt;&lt;br /&gt;&lt;/p&gt;

&lt;hr /&gt;

&lt;p&gt;&lt;br /&gt;&lt;/p&gt;

&lt;h3 id=&quot;2-일간스쿠피-a의-신선함-한-스푼이-되기-위해&quot;&gt;2. 일간스쿠피: ‘+a의 신선함 한 스푼’이 되기 위해&lt;br /&gt;&lt;/h3&gt;

&lt;p&gt;&lt;br /&gt;&lt;img src=&quot;/img/posts/01/img2.jpeg&quot; alt=&quot;그림 2&quot; /&gt;&lt;/p&gt;

&lt;center&gt;일간 스쿠피는&lt;/center&gt;

&lt;center&gt;현재  &lt;strong&gt;전농동에 거주하는 28살의 한 여성 K의 일상을 탐색&lt;/strong&gt;하여 글을 쓰고&lt;/center&gt;

&lt;center&gt;하루에 한 번씩 공유하는 일간지에요. &lt;/center&gt;
&lt;p&gt;&lt;br /&gt;&lt;/p&gt;

&lt;p&gt;&lt;img src=&quot;/img/posts/01/img3.jpeg&quot; alt=&quot;그림 3&quot; /&gt;&lt;/p&gt;

&lt;center&gt;그녀의 일상을 관찰하고 무언가를 발견하여 매일 매일 글을 쓸 거에요.&lt;/center&gt;
&lt;p&gt;&lt;br /&gt;&lt;/p&gt;

&lt;p&gt;&lt;img src=&quot;/img/posts/01/img4.jpeg&quot; alt=&quot;그림 4&quot; /&gt;&lt;/p&gt;

&lt;center&gt;왜냐하면 스쿠피는 이렇게 쓰여진 글들이&lt;/center&gt;
&lt;center&gt;사람들의 일상에 &lt;strong&gt;'+a의 신선함 한 스푼'&lt;/strong&gt;을 주길 바라거든요.&lt;/center&gt;
&lt;p&gt;&lt;br /&gt;&lt;/p&gt;

&lt;hr /&gt;

&lt;p&gt;&lt;br /&gt;&lt;/p&gt;

&lt;h3 id=&quot;3-일간스쿠피이-첫-프로젝트-오유월의-전농동-편&quot;&gt;3. 일간스쿠피이 첫 프로젝트: 오유월의 전농동 편&lt;br /&gt;&lt;/h3&gt;

&lt;p&gt;&lt;img src=&quot;/img/posts/01/img5.jpeg&quot; alt=&quot;그림 5&quot; /&gt;&lt;/p&gt;

&lt;p&gt;곧 동대문구 &lt;strong&gt;전농동에 사는 28세 여성 K에 대한 글&lt;/strong&gt;을 ‘전농동편’이라는 프로젝트로 연재될 계획이에요.&lt;/p&gt;

&lt;p&gt;일간스쿠피의 첫 프로젝트인 오유월의 전농동 편은 &lt;strong&gt;전농동에 거주하는 28살 한 여성의 일상&lt;/strong&gt; 속 소소한 에피소가 주된 테마입니다. &lt;code class=&quot;language-plaintext highlighter-rouge&quot;&gt;그리고&lt;/code&gt; 스쿠피를 구독하신 분들에겐 그녀의 일상을  여러분들의 메일함으로 보내드려요.&lt;/p&gt;

&lt;p&gt;그 전에, 일간지 스쿠피를 구독하기 전에 스쿠피가 발견한 그녀를 알려드릴게요.&lt;/p&gt;

&lt;p&gt;당신과 비슷한 생각과 가치관을 가진 사람일 지도, 혹은 금성으로부터 온 수수께끼의 여자일 수도 있잖아요?&lt;br /&gt;&lt;br /&gt;&lt;/p&gt;

&lt;center&gt;&lt;strong&gt;스쿠피가 관찰한 그녀는&lt;/strong&gt;&lt;/center&gt;

&lt;p&gt;&lt;br /&gt;&lt;img src=&quot;/img/posts/01/img6.jpeg&quot; alt=&quot;그림 6&quot; /&gt;&lt;/p&gt;

&lt;ul&gt;
  &lt;li&gt;&lt;strong&gt;사물의 진열방식&lt;/strong&gt;에 관심이 많아요. 건물 밖 창문의 모양과 배열, 숲 속 나무들의 배치, 매장 안 제품들의 진열, 영화 속 공간과 구도 등, 눈에 보이는 사물들의 구성 방식을 눈여겨 보아요. 그래서 타인이 발견하지 못한 시선으로 세상을 관찰합니다 (이럴 땐 그녀가 정말 ‘금성에서 온 여자’일 지도 모른다고 느껴져요).&lt;/li&gt;
&lt;/ul&gt;

&lt;p&gt;&lt;br /&gt;&lt;/p&gt;

&lt;ul&gt;
  &lt;li&gt;한 사람의 신념, 가치관을 발견하려하는 &lt;strong&gt;‘준종교적인’ 탐구&lt;/strong&gt;를 좋아해요. 만약 그녀가 당신을 만나게 된다면, 그리고 당신과의 대화가 마음에 든다면 아마 몇 시간이 걸리든 당신의 모든 것에 대해 알려고 할거에요. 그녀는 스쿠피만큼이나 타인의 경험에 끈질기게 질문하며 간접체험하려는 ‘염탐꾼’이에요.&lt;/li&gt;
&lt;/ul&gt;

&lt;p&gt;&lt;br /&gt;&lt;/p&gt;

&lt;hr /&gt;

&lt;p&gt;&lt;br /&gt;&lt;/p&gt;

&lt;h3 id=&quot;4-스쿠피를-구독하고-그녀의-하루를-경험하세요&quot;&gt;4. 스쿠피를 구독하고 그녀의 하루를 경험하세요&lt;br /&gt;&lt;/h3&gt;

&lt;p&gt;&lt;img src=&quot;/img/posts/01/img7.jpeg&quot; alt=&quot;그림 7&quot; /&gt;&lt;/p&gt;

&lt;p&gt;자, 스쿠피가 알려드린 그녀는 어떤 사람인가요? 당신과 비슷한 사고를 가진 사람인가요? 아니면 정말 금성에서 온 여자인가요?&lt;/p&gt;

&lt;p&gt;&lt;strong&gt;그녀의 하루를 경험하고 싶다면&lt;/strong&gt; 일간지 스쿠피가 당신의 메일 서랍함에 들어갈 수 있게 해주세요.&lt;/p&gt;

&lt;p&gt;그리고 &lt;strong&gt;그녀의 하루를 읽어보세요.&lt;/strong&gt; 그럼 이전과는 조금 다른 시각으로 세상을 바라볼 수 있을 거에요.&lt;/p&gt;

&lt;p&gt;&lt;br /&gt;&lt;/p&gt;

&lt;hr /&gt;

&lt;p&gt;&lt;br /&gt;&lt;/p&gt;

&lt;p&gt;일간스쿠피의 첫 프로젝트, 오유월의 전농동 편은 6월 말까지 진행됩니다.&lt;/p&gt;

&lt;p&gt;7월부터는 새로운 도시에서 다른 개인으로 찾아 뵐 예정이니 참고부탁드려요!&lt;/p&gt;

&lt;p&gt;8월의 주인공이 되고 싶은 분들은 스쿠피의 메일을 구독&lt;strong&gt;(contact페이지 이동)&lt;/strong&gt;해주세요.&lt;/p&gt;

&lt;p&gt;&lt;br /&gt;&lt;/p&gt;
</description>
        <pubDate>Mon, 25 May 2020 16:30:00 +0900</pubDate>
        <link>http://localhost:4000//scoopii-01/</link>
        <guid isPermaLink="true">http://localhost:4000//scoopii-01/</guid>
        
        <category>개인브랜딩</category>
        
        <category>퍼스널마케팅</category>
        
        <category>전농동</category>
        
        <category>일상 속 에피소드</category>
        
        <category>스쿠피</category>
        
        <category>일간스쿠피</category>
        
        
        <category>daily-scoopii</category>
        
      </item>
    
  </channel>
</rss>
